,Tm,G,Cmp,Att,Yds,IAY,IAY/PA,CAY,CAY/Cmp,CAY/PA,YAC,YAC/Cmp,Bats,ThAwy,Spikes,Drops,Drop%,BadTh,Bad%,OnTgt,OnTgt%,Sk,Bltz,Hrry,Hits,Prss,Prss%,Scrm,Yds/Scr
0,Atlanta Falcons,16,428,617,4653,5279,8.6,2804,6.6,4.5,1849,4.3,0,18,1,37,6.20%,81,13.50%,0,0.00%,42,202,53,48,143,21.1%,18,6.7
1,Buffalo Bills,16,271,499,2794,4942,9.9,1693,6.2,3.4,1101,4.1,0,21,0,24,5.00%,110,23.00%,0,0.00%,41,184,82,49,172,29.0%,54,10.3
2,Carolina Panthers,16,378,563,3836,4169,7.4,2022,5.3,3.6,1814,4.8,0,21,4,24,4.50%,85,15.80%,0,0.00%,32,167,58,36,126,20.1%,32,7.7
3,Chicago Bears,16,344,512,3564,4479,8.7,2151,6.3,4.2,1413,4.1,0,10,1,13,2.60%,90,18.00%,0,0.00%,33,141,64,24,121,20.8%,38,8.6
4,Cincinnati Bengals,16,331,542,3290,4278,7.9,1919,5.8,3.5,1371,4.1,0,14,3,30,5.70%,93,17.70%,0,0.00%,37,158,63,32,132,21.9%,23,7.8
5,Cleveland Browns,16,353,574,4007,5449,9.5,2350,6.7,4.1,1657,4.7,0,18,4,36,6.50%,101,18.30%,0,0.00%,38,206,105,27,170,26.6%,28,9.0
6,Indianapolis Colts,16,432,644,4461,4857,7.5,2622,6.1,4.1,1839,4.3,0,8,2,37,5.80%,90,14.20%,0,0.00%,18,156,51,52,121,17.7%,21,7.6
7,Arizona Cardinals,16,283,495,2523,3979,8.0,1627,5.7,3.3,896,3.2,0,24,1,26,5.50%,92,19.60%,0,0.00%,52,127,48,47,147,26.2%,15,10.2
8,Dallas Cowboys,16,356,527,3538,3978,7.5,1993,5.6,3.8,1545,4.3,0,13,0,22,4.30%,90,17.50%,0,0.00%,56,169,74,49,179,29.2%,29,6.7
9,Denver Broncos,16,367,588,3695,4372,7.4,2116,5.8,3.6,1579,4.3,0,35,2,34,6.20%,95,17.20%,0,0.00%,34,180,77,51,162,25.6%,12,7.7
10,Detroit Lions,16,375,574,3576,3982,6.9,1797,4.8,3.1,1779,4.7,0,17,1,30,5.40%,99,17.80%,0,0.00%,41,168,57,34,132,21.0%,13,7.1
11,Green Bay Packers,16,392,640,4238,5656,8.8,2436,6.2,3.8,1802,4.6,0,51,3,31,5.30%,116,19.80%,0,0.00%,53,158,95,42,190,26.0%,38,8.4
12,Houston Texans,16,345,506,3781,4287,8.5,2412,7.0,4.8,1369,4.0,0,13,6,17,3.50%,85,17.50%,0,0.00%,62,163,77,59,198,31.6%,58,7.2
13,Jacksonville Jaguars,16,329,536,3109,3732,7.0,1573,4.8,2.9,1536,4.7,0,22,0,33,6.40%,89,17.30%,0,0.00%,53,171,57,45,155,24.1%,55,7.1
14,Kansas City Chiefs,16,385,583,4955,5278,9.1,2503,6.5,4.3,2452,6.4,0,24,1,29,5.20%,95,17.00%,0,0.00%,26,129,121,67,214,33.6%,27,7.9
15,Miami Dolphins,16,292,455,2900,3703,8.1,1532,5.2,3.4,1368,4.7,0,20,2,16,3.70%,70,16.20%,0,0.00%,52,138,61,43,156,30.1%,11,8.4
16,Minnesota Vikings,16,425,606,4036,4390,7.2,2345,5.5,3.9,1691,4.0,0,17,3,25,4.30%,68,11.60%,0,0.00%,40,143,97,39,176,26.5%,17,5.6
17,New Orleans Saints,16,381,519,4042,3762,7.2,2276,6.0,4.4,1766,4.6,0,14,0,24,4.80%,52,10.30%,0,0.00%,20,144,48,25,93,17.0%,9,5.8
18,New England Patriots,16,378,574,4258,4489,7.8,2229,5.9,3.9,2029,5.4,0,22,2,25,4.50%,104,18.90%,0,0.00%,21,108,48,39,108,18.0%,5,6.6
19,New York Giants,16,382,583,4047,4369,7.5,2215,5.8,3.8,1832,4.8,0,9,1,24,4.20%,96,16.80%,0,0.00%,47,126,64,44,155,24.4%,4,4.0
20,New York Jets,16,299,524,3165,4648,8.9,1836,6.1,3.5,1329,4.4,0,27,2,26,5.30%,99,20.00%,0,0.00%,37,154,77,26,140,24.1%,20,7.4
21,Tennessee Titans,16,293,437,2975,3274,7.5,1616,5.5,3.7,1359,4.6,0,14,0,19,4.50%,78,18.40%,0,0.00%,47,137,69,16,132,25.5%,33,7.6
22,Philadelphia Eagles,16,422,599,4275,4379,7.3,2390,5.7,4.0,1885,4.5,0,6,4,23,3.90%,78,13.20%,0,0.00%,40,163,64,47,151,23.0%,18,5.5
23,Pittsburgh Steelers,16,459,689,5008,5327,7.7,2353,5.1,3.4,2655,5.8,0,7,3,24,3.50%,125,18.40%,0,0.00%,24,166,59,39,122,16.8%,14,8.1
24,Oakland Raiders,16,382,556,3751,3791,6.8,2073,5.4,3.7,1678,4.4,0,23,7,33,6.30%,66,12.50%,0,0.00%,52,141,70,29,151,24.5%,8,6.4
25,Los Angeles Rams,16,368,568,4507,4906,8.6,2566,7.0,4.5,1941,5.3,0,29,2,14,2.60%,93,17.30%,0,0.00%,33,152,66,34,133,21.5%,18,6.2
26,Baltimore Ravens,16,334,556,3558,4807,8.6,2149,6.4,3.9,1409,4.2,0,16,3,29,5.40%,101,18.80%,0,0.00%,32,171,81,31,144,23.6%,23,6.3
27,Los Angeles Chargers,16,348,512,4089,3958,7.7,2189,6.3,4.3,1900,5.5,0,14,0,23,4.60%,64,12.90%,0,0.00%,34,152,48,48,130,23.6%,6,4.3
28,Seattle Seahawks,16,280,427,3093,3843,9.0,2063,7.4,4.8,1030,3.7,0,24,8,18,4.60%,61,15.40%,0,0.00%,51,145,82,31,164,32.3%,30,9.6
29,San Francisco 49ers,16,331,532,3867,3722,7.0,1931,5.8,3.6,1936,5.8,0,20,4,27,5.30%,77,15.20%,0,0.00%,48,162,58,63,169,28.3%,17,5.6
30,Tampa Bay Buccaneers,16,408,625,5125,6635,10.6,3574,8.8,5.7,1551,3.8,0,11,1,26,4.20%,96,15.70%,0,0.00%,41,160,67,56,164,22.6%,59,6.7
31,Washington Redskins,16,311,509,3021,4181,8.2,1758,5.7,3.5,1263,4.1,0,20,4,29,6.00%,80,16.50%,0,0.00%,44,132,87,36,167,28.1%,42,6.6
